{
  "1.mp4": {
    "fps": 29.839151084979783,
    "reps": [
      [
        0.436,
        3.485
      ]
    ],
    "count": 1
  },
  "2.mp4": {
    "fps": 29.81473502800517,
    "reps": [
      [
        0.671,
        2.18
      ],
      [
        2.616,
        4.494
      ]
    ],
    "count": 2
  },
  "2_v1.mp4": {
    "fps": 23.23054809074433,
    "reps": [
      [
        0.474,
        1.421
      ],
      [
        2.109,
        3.229
      ]
    ],
    "count": 2
  },
  "2_v10.mp4": {
    "fps": 29.606800907249337,
    "reps": [
      [
        0.338,
        1.419
      ],
      [
        2.195,
        3.378
      ]
    ],
    "count": 2
  },
  "2_v11.mp4": {
    "fps": 29.658922392486406,
    "reps": [
      [
        0.438,
        2.697
      ],
      [
        3.574,
        4.619
      ]
    ],
    "count": 2
  },
  "2_v12.mp4": {
    "fps": 29.91189587034553,
    "reps": [
      [
        0.301,
        2.106
      ],
      [
        2.541,
        5.082
      ]
    ],
    "count": 2
  },
  "2_v13.mp4": {
    "fps": 23.640823575115157,
    "reps": [
      [
        0.296,
        2.538
      ],
      [
        2.961,
        5.88
      ]
    ],
    "count": 2
  },
  "2_v14.mp4": {
    "fps": 29.97002997002997,
    "reps": [
      [
        0.334,
        2.336
      ],
      [
        2.569,
        5.639
      ]
    ],
    "count": 2
  },
  "2_v15.mp4": {
    "fps": 24.0,
    "reps": [
      [
        0.417,
        0.917
      ],
      [
        2.042,
        3.292
      ]
    ],
    "count": 2
  },
  "2_v2.mp4": {
    "fps": 23.607410477982206,
    "reps": [
      [
        0.424,
        3.558
      ],
      [
        4.067,
        7.625
      ]
    ],
    "count": 2
  },
  "2_v3.mp4": {
    "fps": 29.526883197143444,
    "reps": [
      [
        0.305,
        1.66
      ],
      [
        2.235,
        3.861
      ]
    ],
    "count": 2
  },
  "2_v4.mp4": {
    "fps": 29.67242978642556,
    "reps": [
      [
        0.506,
        2.696
      ],
      [
        3.303,
        5.729
      ]
    ],
    "count": 2
  },
  "2_v5.mp4": {
    "fps": 23.607410477982206,
    "reps": [
      [
        0.339,
        3.685
      ],
      [
        4.194,
        7.286
      ]
    ],
    "count": 2
  },
  "2_v6.mp4": {
    "fps": 29.77435161199713,
    "reps": [
      [
        1.343,
        2.485
      ],
      [
        3.258,
        4.971
      ]
    ],
    "count": 2
  },
  "2_v7.mp4": {
    "fps": 29.97002997002997,
    "reps": [
      [
        0.2,
        2.769
      ],
      [
        3.237,
        6.24
      ]
    ],
    "count": 2
  },
  "2_v8.mp4": {
    "fps": 24.0,
    "reps": [
      [
        0.333,
        1.792
      ],
      [
        2.167,
        4.458
      ]
    ],
    "count": 2
  },
  "2_v9.mp4": {
    "fps": 29.67036227512338,
    "reps": [
      [
        0.236,
        2.191
      ],
      [
        2.663,
        5.123
      ]
    ],
    "count": 2
  },
  "3.mp4": {
    "fps": 24.0,
    "reps": [
      [
        0.583,
        2.125
      ],
      [
        3.125,
        6.125
      ],
      [
        6.833,
        9.833
      ]
    ],
    "count": 3
  },
  "3_v1.mp4": {
    "fps": 23.607410477982206,
    "reps": [
      [
        0.847,
        1.991
      ],
      [
        2.584,
        4.871
      ],
      [
        5.21,
        8.006
      ]
    ],
    "count": 3
  },
  "3_v10.mp4": {
    "fps": 24.0,
    "reps": [
      [
        0.208,
        0.958
      ],
      [
        1.208,
        2.625
      ],
      [
        3.042,
        4.417
      ]
    ],
    "count": 3
  },
  "3_v11.mp4": {
    "fps": 24.0,
    "reps": [
      [
        0.208,
        2.292
      ],
      [
        2.792,
        4.375
      ],
      [
        4.75,
        7.958
      ]
    ],
    "count": 3
  },
  "3_v12.mp4": {
    "fps": 23.607410477982206,
    "reps": [
      [
        0.593,
        2.414
      ],
      [
        3.939,
        6.015
      ],
      [
        6.439,
        9.361
      ]
    ],
    "count": 3
  },
  "3_v13.mp4": {
    "fps": 24.0,
    "reps": [
      [
        0.417,
        2.208
      ],
      [
        2.792,
        5.708
      ],
      [
        6.083,
        9.083
      ]
    ],
    "count": 3
  },
  "3_v14.mp4": {
    "fps": 24.0,
    "reps": [
      [
        0.292,
        1.458
      ],
      [
        1.833,
        4.583
      ],
      [
        5.042,
        7.208
      ]
    ],
    "count": 3
  },
  "3_v15.mp4": {
    "fps": 24.0,
    "reps": [
      [
        0.25,
        1.583
      ],
      [
        1.875,
        2.958
      ],
      [
        3.25,
        4.667
      ]
    ],
    "count": 3
  },
  "3_v16.mp4": {
    "fps": 23.631186153601863,
    "reps": [
      [
        0.254,
        1.65
      ],
      [
        2.327,
        4.316
      ],
      [
        4.824,
        7.956
      ]
    ],
    "count": 3
  },
  "3_v17.mp4": {
    "fps": 24.0,
    "reps": [
      [
        0.292,
        2.167
      ],
      [
        2.667,
        5.667
      ],
      [
        6.292,
        9.458
      ]
    ],
    "count": 3
  },
  "3_v18.mp4": {
    "fps": 29.885150670967967,
    "reps": [
      [
        0.368,
        1.171
      ],
      [
        1.573,
        2.577
      ],
      [
        2.811,
        3.647
      ]
    ],
    "count": 3
  },
  "3_v19.mp4": {
    "fps": 29.67036227512338,
    "reps": [
      [
        0.236,
        1.887
      ],
      [
        2.292,
        3.876
      ],
      [
        4.28,
        5.831
      ]
    ],
    "count": 3
  },
  "3_v2.mp4": {
    "fps": 54.842897948584785,
    "reps": [
      [
        0.109,
        0.857
      ],
      [
        1.021,
        1.495
      ],
      [
        1.769,
        2.352
      ]
    ],
    "count": 3
  },
  "3_v20.mp4": {
    "fps": 24.0,
    "reps": [
      [
        0.208,
        2.708
      ],
      [
        3.25,
        5.125
      ],
      [
        5.708,
        7.417
      ]
    ],
    "count": 3
  },
  "3_v21.mp4": {
    "fps": 23.62574756377693,
    "reps": [
      [
        0.169,
        2.074
      ],
      [
        2.624,
        5.122
      ],
      [
        5.545,
        7.788
      ]
    ],
    "count": 3
  },
  "3_v22.mp4": {
    "fps": 23.604737757303738,
    "reps": [
      [
        0.212,
        1.822
      ],
      [
        2.415,
        5.296
      ],
      [
        5.677,
        8.176
      ]
    ],
    "count": 3
  },
  "3_v23.mp4": {
    "fps": 24.0,
    "reps": [
      [
        0.167,
        2.458
      ],
      [
        2.958,
        6.083
      ],
      [
        6.417,
        9.667
      ]
    ],
    "count": 3
  },
  "3_v24.mp4": {
    "fps": 23.607410477982206,
    "reps": [
      [
        0.169,
        2.203
      ],
      [
        2.499,
        5.422
      ],
      [
        5.93,
        8.557
      ]
    ],
    "count": 3
  },
  "3_v25.mp4": {
    "fps": 24.0,
    "reps": [
      [
        0.208,
        2.625
      ],
      [
        3.167,
        6.167
      ],
      [
        6.583,
        9.875
      ]
    ],
    "count": 3
  },
  "3_v26.mp4": {
    "fps": 24.0,
    "reps": [
      [
        0.417,
        1.708
      ],
      [
        2.167,
        4.208
      ],
      [
        5.167,
        8.875
      ]
    ],
    "count": 3
  },
  "3_v27.mp4": {
    "fps": 29.67036227512338,
    "reps": [
      [
        0.169,
        1.55
      ],
      [
        1.786,
        3.539
      ],
      [
        3.741,
        5.629
      ]
    ],
    "count": 3
  },
  "3_v28.mp4": {
    "fps": 29.910107123698882,
    "reps": [
      [
        0.301,
        1.404
      ],
      [
        2.106,
        3.176
      ],
      [
        3.878,
        4.982
      ]
    ],
    "count": 3
  },
  "3_v29.mp4": {
    "fps": 23.636776544360647,
    "reps": [
      [
        0.338,
        1.608
      ],
      [
        2.031,
        3.85
      ],
      [
        4.273,
        7.658
      ]
    ],
    "count": 3
  },